{"cameraMode":{"drawMode":0,"name":"Shaded","section":"Shading Mode"},"sceneLighting":false,"audioPlay":false,"sceneViewState":{"showFog":true,"showMaterialUpdate":false,"showSkybox":false,"showFlares":true,"showImageEffects":true,"showParticleSystems":true},"in2DMode":false,"pivot":{"x":1.101949691772461,"y":-2.220733404159546,"z":-9.872976303100586},"rotation":{"x":0.003303017932921648,"y":0.9962904453277588,"z":-0.07335963100194931,"w":0.04486386105418205},"size":19.951295852661134,"orthographic":true}