{"cameraMode":{"drawMode":0,"name":"Shaded","section":"Shading Mode"},"sceneLighting":false,"audioPlay":false,"sceneViewState":{"showFog":true,"showMaterialUpdate":false,"showSkybox":false,"showFlares":true,"showImageEffects":true,"showParticleSystems":true},"in2DMode":false,"pivot":{"x":-0.008998870849609375,"y":3.1992874145507814,"z":0.0},"rotation":{"x":0.0017588842893019319,"y":0.9972960948944092,"z":-0.025436608120799066,"w":0.06892311573028565},"size":24.695316314697267,"orthographic":true}